{
  "author": {
    "name": "dieghernan ",
    "website": "https://dieghernan.github.io/"
  },
  "date": "2022-12-15T19:59:08Z",
  "id": "01GMBNX1CNV06WN12XR72CNN8D",
  "message": "Good, but I still can manage the comments on the welcomments dashboard to filter out spammers 😍. Also, as the comments are hosted on my GitHub repo, I just need to delete the corresponding `_data` entry to clean up the thread",
  "message_html": "<p>Good, but I still can manage the comments on the welcomments dashboard to filter out spammers 😍. Also, as the comments are hosted on my GitHub repo, I just need to delete the corresponding <code class=\"inline\">_data</code> entry to clean up the thread</p>",
  "replying_to": "01GMBNP7RB0CBQNKKXKWG5CHJN"
}